[[{"__type__":"cc.Prefab","_name":"PlayerBullet","data":{"__id__":1},"asyncLoadAssets":null},{"__type__":"cc.Node","_name":"PlayerBullet","_components":[{"__type__":"cc.Sprite","node":{"__id__":1},"_spriteFrame":{"__uuid__":"f0BIwQ8D5Ml7nTNQbh1YlS"},"_type":1,"_sizeMode":0},{"__type__":"cc.RigidBody","node":{"__id__":1},"_gravityScale":0,"bullet":true},{"__type__":"e0fc6nZzWtA0KvGUusjelLj","node":{"__id__":1}},{"__type__":"cc.BoxCollider","node":{"__id__":1},"tag":7,"_size":{"__type__":"cc.Size","width":8,"height":8}}],"_prefab":{"__type__":"cc.PrefabInfo","root":{"__id__":1},"asset":{"__uuid__":"2bgm+bdHxLj5KFHyX09DUq"},"fileId":"87g+qae9JAM5NkytGCkMtu"},"_color":{"__type__":"cc.Color","r":255},"_contentSize":{"__type__":"cc.Size","width":8,"height":8},"_position":{"__type__":"cc.Vec2","x":524,"y":384}}],[{"__type__":"cc.Prefab","_name":"Turret","data":{"__id__":1},"asyncLoadAssets":null},{"__type__":"cc.Node","_name":"Turret_Back_Center","_children":[{"__id__":2},{"__id__":8}],"_components":[{"__type__":"cc.RigidBody","node":{"__id__":1},"_type":0,"_gravityScale":0},{"__type__":"cc.PhysicsBoxCollider","node":{"__id__":1}},{"__type__":"cc.CircleCollider","node":{"__id__":1},"tag":3,"_radius":100},{"__type__":"cc.CircleCollider","node":{"__id__":1},"tag":4,"_radius":320},{"__type__":"a328foaFhNPybC/F+yTE17X","node":{"__id__":1},"weaponNode":{"__id__":8}},{"__type__":"cc.BoxCollider","node":{"__id__":1},"tag":7}],"_prefab":{"__type__":"cc.PrefabInfo","root":{"__id__":1},"asset":{"__uuid__":"6bwnOmQFdKUJlrbDCcvCEE"},"fileId":"f7D2W0PwdMMqA+ZfWjexKG"},"_color":{"__type__":"cc.Color","r":185,"g":16,"b":16},"_contentSize":{"__type__":"cc.Size","width":100,"height":100},"_position":{"__type__":"cc.Vec2","x":-2,"y":1433}},{"__type__":"cc.Node","_name":"Base","_parent":{"__id__":1},"_children":[{"__id__":3},{"__id__":4},{"__id__":5},{"__id__":6},{"__id__":7}],"_prefab":{"__type__":"cc.PrefabInfo","root":{"__id__":1},"asset":{"__uuid__":"6bwnOmQFdKUJlrbDCcvCEE"},"fileId":"27gEkM6IVLeJZuIjGzCa0x"}},{"__type__":"cc.Node","_name":"New Node","_parent":{"__id__":2},"_components":[{"__type__":"cc.Sprite","node":{"__id__":3},"_spriteFrame":{"__uuid__":"f0BIwQ8D5Ml7nTNQbh1YlS"},"_type":1,"_sizeMode":0}],"_prefab":{"__type__":"cc.PrefabInfo","root":{"__id__":1},"asset":{"__uuid__":"6bwnOmQFdKUJlrbDCcvCEE"},"fileId":"90CDH9PkRENI20K70Hzq82"},"_color":{"__type__":"cc.Color","r":95,"g":72,"b":72},"_contentSize":{"__type__":"cc.Size","width":25,"height":25},"_position":{"__type__":"cc.Vec2","x":-20,"y":-20}},{"__type__":"cc.Node","_name":"New Node","_parent":{"__id__":2},"_components":[{"__type__":"cc.Sprite","node":{"__id__":4},"_spriteFrame":{"__uuid__":"f0BIwQ8D5Ml7nTNQbh1YlS"},"_type":1,"_sizeMode":0}],"_prefab":{"__type__":"cc.PrefabInfo","root":{"__id__":1},"asset":{"__uuid__":"6bwnOmQFdKUJlrbDCcvCEE"},"fileId":"e6Ou//0KlKQKD29f3mohkD"},"_color":{"__type__":"cc.Color","r":95,"g":72,"b":72},"_contentSize":{"__type__":"cc.Size","width":25,"height":25},"_position":{"__type__":"cc.Vec2","x":-20,"y":20}},{"__type__":"cc.Node","_name":"New Node","_parent":{"__id__":2},"_components":[{"__type__":"cc.Sprite","node":{"__id__":5},"_spriteFrame":{"__uuid__":"f0BIwQ8D5Ml7nTNQbh1YlS"},"_type":1,"_sizeMode":0}],"_prefab":{"__type__":"cc.PrefabInfo","root":{"__id__":1},"asset":{"__uuid__":"6bwnOmQFdKUJlrbDCcvCEE"},"fileId":"25SIJI4/hEOLQZ744a43yC"},"_color":{"__type__":"cc.Color","r":95,"g":72,"b":72},"_contentSize":{"__type__":"cc.Size","width":25,"height":25},"_position":{"__type__":"cc.Vec2","x":20,"y":20}},{"__type__":"cc.Node","_name":"New Node","_parent":{"__id__":2},"_components":[{"__type__":"cc.Sprite","node":{"__id__":6},"_spriteFrame":{"__uuid__":"f0BIwQ8D5Ml7nTNQbh1YlS"},"_type":1,"_sizeMode":0}],"_prefab":{"__type__":"cc.PrefabInfo","root":{"__id__":1},"asset":{"__uuid__":"6bwnOmQFdKUJlrbDCcvCEE"},"fileId":"55IGOmTVpKV4uDidY1nfR4"},"_color":{"__type__":"cc.Color","r":95,"g":72,"b":72},"_contentSize":{"__type__":"cc.Size","width":25,"height":25},"_position":{"__type__":"cc.Vec2","x":20,"y":-20}},{"__type__":"cc.Node","_name":"New Node","_parent":{"__id__":2},"_components":[{"__type__":"cc.Sprite","node":{"__id__":7},"_spriteFrame":{"__uuid__":"f0BIwQ8D5Ml7nTNQbh1YlS"},"_type":1,"_sizeMode":0}],"_prefab":{"__type__":"cc.PrefabInfo","root":{"__id__":1},"asset":{"__uuid__":"6bwnOmQFdKUJlrbDCcvCEE"},"fileId":"a84tl2j+xG7rtANcN69SE/"},"_color":{"__type__":"cc.Color","r":95,"g":72,"b":72},"_contentSize":{"__type__":"cc.Size","width":40,"height":40}},{"__type__":"cc.Node","_name":"Weapon","_parent":{"__id__":1},"_children":[{"__id__":9}],"_prefab":{"__type__":"cc.PrefabInfo","root":{"__id__":1},"asset":{"__uuid__":"6bwnOmQFdKUJlrbDCcvCEE"},"fileId":"b1NFToD6JB8p+ewiDlvzLR"}},{"__type__":"cc.Node","_name":"New Node","_parent":{"__id__":8},"_components":[{"__type__":"cc.Sprite","node":{"__id__":9},"_spriteFrame":{"__uuid__":"f0BIwQ8D5Ml7nTNQbh1YlS"},"_type":1,"_sizeMode":0}],"_prefab":{"__type__":"cc.PrefabInfo","root":{"__id__":1},"asset":{"__uuid__":"6bwnOmQFdKUJlrbDCcvCEE"},"fileId":"07D+1PN51Bz4lneqPlm9bk"},"_color":{"__type__":"cc.Color","r":36,"g":29,"b":29},"_anchorPoint":{"__type__":"cc.Vec2","x":0.8,"y":0.5},"_contentSize":{"__type__":"cc.Size","width":75,"height":20}}],[{"__type__":"cc.SceneAsset","_name":"GameScene","scene":{"__id__":1},"asyncLoadAssets":null},{"__type__":"cc.Scene","_name":"New Node","_children":[{"__id__":2}],"_anchorPoint":{"__type__":"cc.Vec2"},"autoReleaseAssets":false},{"__type__":"cc.Node","_name":"Canvas","_parent":{"__id__":1},"_children":[{"__id__":3}],"_components":[{"__type__":"cc.Canvas","node":{"__id__":2},"_designResolution":{"__type__":"cc.Size","width":1080,"height":1920}},{"__id__":6},{"__type__":"8c4101PPuNFgJuGa/+n1oao","node":{"__id__":2}}],"_id":"faYBdcMEZHi4jf0mkEj0wE","_contentSize":{"__type__":"cc.Size","width":1080,"height":1920},"_position":{"__type__":"cc.Vec2","x":540,"y":960}},{"__type__":"cc.Node","_name":"Arena","_parent":{"__id__":2},"_children":[{"__id__":4},{"__id__":7},{"__id__":8},{"__id__":9},{"__id__":10}],"_components":[{"__type__":"cc.Sprite","node":{"__id__":3},"_spriteFrame":{"__uuid__":"f0BIwQ8D5Ml7nTNQbh1YlS"},"_type":1,"_sizeMode":0}],"_color":{"__type__":"cc.Color","r":163,"g":209,"b":167},"_anchorPoint":{"__type__":"cc.Vec2","x":0.5},"_contentSize":{"__type__":"cc.Size","width":1000,"height":1821},"_position":{"__type__":"cc.Vec2","y":-861}},{"__type__":"cc.Node","_name":"Char","_parent":{"__id__":3},"_children":[{"__id__":5}],"_components":[{"__type__":"cc.RigidBody","node":{"__id__":4},"_gravityScale":0,"_fixedRotation":true},{"__type__":"cc.PhysicsBoxCollider","node":{"__id__":4}},{"__type__":"cc.CircleCollider","node":{"__id__":4},"tag":3,"_radius":250},{"__type__":"cc.CircleCollider","node":{"__id__":4},"tag":4,"_radius":80},{"__type__":"c6ec4Wt9FFJaJsM+KHZFYT0","node":{"__id__":4},"inputManager":{"__id__":6},"speed":300,"bulletPrefab":{"__uuid__":"2bgm+bdHxLj5KFHyX09DUq"}}],"_contentSize":{"__type__":"cc.Size","width":100,"height":100},"_position":{"__type__":"cc.Vec2","x":76,"y":266}},{"__type__":"cc.Node","_name":"Image","_parent":{"__id__":4},"_components":[{"__type__":"cc.Sprite","node":{"__id__":5},"_spriteFrame":{"__uuid__":"cd4gSMcA9OpLooGK7gjOTW"},"_sizeMode":0},{"__type__":"fc126A05kZLFrbh59uvmrO0","node":{"__id__":5}}],"_anchorPoint":{"__type__":"cc.Vec2","x":0.360790690574178,"y":0.47457916958311075},"_contentSize":{"__type__":"cc.Size","width":120,"height":80},"_rotationX":180,"_rotationY":180},{"__type__":"152cc5PwJhOnKcaTPBrPgCJ","node":{"__id__":2}},{"__type__":"cc.Node","_parent":{"__id__":3},"_prefab":{"__type__":"cc.PrefabInfo","root":{"__id__":7},"asset":{"__uuid__":"6bwnOmQFdKUJlrbDCcvCEE"},"fileId":"f7D2W0PwdMMqA+ZfWjexKG","sync":true},"_name":"Turret_Front_Left","_position":{"__type__":"cc.Vec2","x":-249,"y":1011}},{"__type__":"cc.Node","_parent":{"__id__":3},"_prefab":{"__type__":"cc.PrefabInfo","root":{"__id__":8},"asset":{"__uuid__":"6bwnOmQFdKUJlrbDCcvCEE"},"fileId":"f7D2W0PwdMMqA+ZfWjexKG","sync":true},"_name":"Turret_Front_Right","_position":{"__type__":"cc.Vec2","x":257,"y":1064}},{"__type__":"cc.Node","_parent":{"__id__":3},"_prefab":{"__type__":"cc.PrefabInfo","root":{"__id__":9},"asset":{"__uuid__":"6bwnOmQFdKUJlrbDCcvCEE"},"fileId":"f7D2W0PwdMMqA+ZfWjexKG","sync":true},"_name":"Turret_Back_Center","_position":{"__type__":"cc.Vec2","x":-2,"y":1433}},{"__type__":"cc.Node","_name":"wall","_parent":{"__id__":3},"_components":[{"__type__":"cc.RigidBody","node":{"__id__":10},"_type":0,"_gravityScale":0},{"__type__":"cc.PhysicsBoxCollider","node":{"__id__":10},"_offset":{"__type__":"cc.Vec2","x":60,"y":-250},"_size":{"__type__":"cc.Size","width":138,"height":1828}},{"__type__":"cc.PhysicsBoxCollider","node":{"__id__":10},"_offset":{"__type__":"cc.Vec2","x":-1064,"y":-260},"_size":{"__type__":"cc.Size","width":100,"height":1808}},{"__type__":"cc.PhysicsBoxCollider","node":{"__id__":10},"_offset":{"__type__":"cc.Vec2","x":-489,"y":-1216},"_size":{"__type__":"cc.Size","width":1130,"height":100}},{"__type__":"cc.PhysicsBoxCollider","node":{"__id__":10},"_offset":{"__type__":"cc.Vec2","x":-507,"y":681},"_size":{"__type__":"cc.Size","width":1072,"height":100}}],"_color":{"__type__":"cc.Color","r":185,"g":16,"b":16},"_contentSize":{"__type__":"cc.Size","width":100,"height":100},"_position":{"__type__":"cc.Vec2","x":514,"y":1164}}],{"__type__":"cc.SpriteFrame","content":{"name":"survivor-idle_shotgun_0","texture":"e9Bd89aXpABr5poL/wP/1N","rect":[35,37,259,153],"offset":[8,-10],"originalSize":[313,207]}},{"__type__":"cc.SpriteFrame","content":{"name":"default_btn_normal","texture":"e8Ueib+qJEhL6mXAHdnwbi","rect":[0,0,40,40],"offset":[0,0],"originalSize":[40,40],"capInsets":[8,11,7,9]}}]